<?xml version="1.0"?>
<!--
    Note: If you modify this file and automatic reloading is disabled in `planner.conf`, you must restart the XL Deploy server.
-->
<rules xmlns="http://www.xebialabs.com/xl-deploy/xl-rules">
    <!-- Add your <rule ...> and <disable-rule ...> elements here -->

    <rule name="rules_file.DeployedFolder.MODIFY" scope="deployed">
        <conditions>
            <type>file.DeployedFolder</type>
            <operation>MODIFY</operation>
        </conditions>
        <planning-script-path>rules/handle_deletions.py</planning-script-path>
    </rule>
</rules>
